data;kod_stanowiska;pm10
2021-01-01;MpKrakZloRog-PM10-24g;50.27
2021-01-02;MpKrakZloRog-PM10-24g;56.21
2021-01-03;MpKrakZloRog-PM10-24g;50.6
2021-01-04;MpKrakZloRog-PM10-24g;53.28
2021-01-05;MpKrakZloRog-PM10-24g;21.53
2021-01-06;MpKrakZloRog-PM10-24g;35.76
2021-01-07;MpKrakZloRog-PM10-24g;36.9
2021-01-08;MpKrakZloRog-PM10-24g;40.47
2021-01-09;MpKrakZloRog-PM10-24g;37.92
2021-01-10;MpKrakZloRog-PM10-24g;56.08
2021-01-11;MpKrakZloRog-PM10-24g;78.85
2021-01-12;MpKrakZloRog-PM10-24g;81.2
2021-01-13;MpKrakZloRog-PM10-24g;21.09
2021-01-14;MpKrakZloRog-PM10-24g;23.41
2021-01-15;MpKrakZloRog-PM10-24g;27.72
2021-01-16;MpKrakZloRog-PM10-24g;24.81
2021-01-17;MpKrakZloRog-PM10-24g;34.68
2021-01-18;MpKrakZloRog-PM10-24g;83.81
2021-01-19;MpKrakZloRog-PM10-24g;52.42
2021-01-20;MpKrakZloRog-PM10-24g;28.58
2021-01-21;MpKrakZloRog-PM10-24g;64.85
2021-01-22;MpKrakZloRog-PM10-24g;34.37
2021-01-23;MpKrakZloRog-PM10-24g;24.75
2021-01-24;MpKrakZloRog-PM10-24g;26.63
2021-01-25;MpKrakZloRog-PM10-24g;23.88
2021-01-26;MpKrakZloRog-PM10-24g;34.06
2021-01-27;MpKrakZloRog-PM10-24g;36.08
2021-01-28;MpKrakZloRog-PM10-24g;54.72
2021-01-29;MpKrakZloRog-PM10-24g;28.51
2021-01-30;MpKrakZloRog-PM10-24g;40.58
2021-01-31;MpKrakZloRog-PM10-24g;33.61
2021-02-01;MpKrakZloRog-PM10-24g;62.73
2021-02-02;MpKrakZloRog-PM10-24g;94.01
2021-02-03;MpKrakZloRog-PM10-24g;50.98
2021-02-04;MpKrakZloRog-PM10-24g;17.38
2021-02-05;MpKrakZloRog-PM10-24g;32.31
2021-02-06;MpKrakZloRog-PM10-24g;23.53
2021-02-07;MpKrakZloRog-PM10-24g;27.05
2021-02-08;MpKrakZloRog-PM10-24g;36.43
2021-02-09;MpKrakZloRog-PM10-24g;93.77
2021-02-10;MpKrakZloRog-PM10-24g;87.87
2021-02-11;MpKrakZloRog-PM10-24g;43.75
2021-02-12;MpKrakZloRog-PM10-24g;36.39
2021-02-13;MpKrakZloRog-PM10-24g;60.22
2021-02-14;MpKrakZloRog-PM10-24g;36.32
2021-02-15;MpKrakZloRog-PM10-24g;71.79
2021-02-16;MpKrakZloRog-PM10-24g;105.76
2021-02-17;MpKrakZloRog-PM10-24g;57.63
2021-02-18;MpKrakZloRog-PM10-24g;47.58
2021-02-19;MpKrakZloRog-PM10-24g;77.74
2021-02-20;MpKrakZloRog-PM10-24g;76.92
2021-02-21;MpKrakZloRog-PM10-24g;66.78
2021-02-22;MpKrakZloRog-PM10-24g;69.0
2021-02-23;MpKrakZloRog-PM10-24g;76.34
2021-02-24;MpKrakZloRog-PM10-24g;116.99
2021-02-25;MpKrakZloRog-PM10-24g;118.51
2021-02-26;MpKrakZloRog-PM10-24g;79.27
2021-02-27;MpKrakZloRog-PM10-24g;27.21
2021-02-28;MpKrakZloRog-PM10-24g;29.47
2021-03-01;MpKrakZloRog-PM10-24g;35.17
2021-03-02;MpKrakZloRog-PM10-24g;60.33
2021-03-03;MpKrakZloRog-PM10-24g;72.77
2021-03-04;MpKrakZloRog-PM10-24g;65.61
2021-03-05;MpKrakZloRog-PM10-24g;28.89
2021-03-06;MpKrakZloRog-PM10-24g;40.87
2021-03-07;MpKrakZloRog-PM10-24g;34.61
2021-03-08;MpKrakZloRog-PM10-24g;39.98
2021-03-09;MpKrakZloRog-PM10-24g;54.13
2021-03-10;MpKrakZloRog-PM10-24g;51.89
2021-03-11;MpKrakZloRog-PM10-24g;51.46
2021-03-12;MpKrakZloRog-PM10-24g;19.29
2021-03-13;MpKrakZloRog-PM10-24g;21.29
2021-03-14;MpKrakZloRog-PM10-24g;11.09
2021-03-15;MpKrakZloRog-PM10-24g;44.41
2021-03-16;MpKrakZloRog-PM10-24g;58.74
2021-03-17;MpKrakZloRog-PM10-24g;24.44
2021-03-18;MpKrakZloRog-PM10-24g;21.55
2021-03-19;MpKrakZloRog-PM10-24g;47.56
2021-03-20;MpKrakZloRog-PM10-24g;19.33
2021-03-21;MpKrakZloRog-PM10-24g;30.91
2021-03-22;MpKrakZloRog-PM10-24g;19.11
2021-03-23;MpKrakZloRog-PM10-24g;42.4
2021-03-24;MpKrakZloRog-PM10-24g;45.97
2021-03-25;MpKrakZloRog-PM10-24g;74.15
2021-03-26;MpKrakZloRog-PM10-24g;97.43
2021-03-27;MpKrakZloRog-PM10-24g;48.71
2021-03-28;MpKrakZloRog-PM10-24g;24.44
2021-03-29;MpKrakZloRog-PM10-24g;49.58
2021-03-30;MpKrakZloRog-PM10-24g;52.39
2021-03-31;MpKrakZloRog-PM10-24g;59.76
2021-04-01;MpKrakZloRog-PM10-24g;46.41
2021-04-02;MpKrakZloRog-PM10-24g;23.99
2021-04-03;MpKrakZloRog-PM10-24g;26.41
2021-04-04;MpKrakZloRog-PM10-24g;16.85
2021-04-05;MpKrakZloRog-PM10-24g;22.3
2021-04-06;MpKrakZloRog-PM10-24g;20.36
2021-04-07;MpKrakZloRog-PM10-24g;24.43
2021-04-08;MpKrakZloRog-PM10-24g;18.67
2021-04-09;MpKrakZloRog-PM10-24g;28.93
2021-04-10;MpKrakZloRog-PM10-24g;32.46
2021-04-11;MpKrakZloRog-PM10-24g;25.01
2021-04-12;MpKrakZloRog-PM10-24g;28.87
2021-04-13;MpKrakZloRog-PM10-24g;13.7
2021-04-14;MpKrakZloRog-PM10-24g;15.96
2021-04-15;MpKrakZloRog-PM10-24g;13.28
2021-04-16;MpKrakZloRog-PM10-24g;15.96
2021-04-17;MpKrakZloRog-PM10-24g;27.27
2021-04-18;MpKrakZloRog-PM10-24g;33.24
2021-04-19;MpKrakZloRog-PM10-24g;44.21
2021-04-20;MpKrakZloRog-PM10-24g;30.02
2021-04-21;MpKrakZloRog-PM10-24g;39.64
2021-04-22;MpKrakZloRog-PM10-24g;28.51
2021-04-23;MpKrakZloRog-PM10-24g;25.88
2021-04-24;MpKrakZloRog-PM10-24g;30.22
2021-04-25;MpKrakZloRog-PM10-24g;20.42
2021-04-26;MpKrakZloRog-PM10-24g;29.36
2021-04-27;MpKrakZloRog-PM10-24g;27.5
2021-04-28;MpKrakZloRog-PM10-24g;31.64
2021-04-29;MpKrakZloRog-PM10-24g;34.48
2021-04-30;MpKrakZloRog-PM10-24g;21.93
2021-05-01;MpKrakZloRog-PM10-24g;31.99
2021-05-02;MpKrakZloRog-PM10-24g;17.07
2021-05-03;MpKrakZloRog-PM10-24g;12.48
2021-05-04;MpKrakZloRog-PM10-24g;20.16
2021-05-05;MpKrakZloRog-PM10-24g;13.52
2021-05-06;MpKrakZloRog-PM10-24g;10.87
2021-05-07;MpKrakZloRog-PM10-24g;9.78
2021-05-08;MpKrakZloRog-PM10-24g;16.21
2021-05-09;MpKrakZloRog-PM10-24g;18.45
2021-05-10;MpKrakZloRog-PM10-24g;24.28
2021-05-11;MpKrakZloRog-PM10-24g;32.95
2021-05-12;MpKrakZloRog-PM10-24g;33.06
2021-05-13;MpKrakZloRog-PM10-24g;28.16
2021-05-14;MpKrakZloRog-PM10-24g;21.62
2021-05-15;MpKrakZloRog-PM10-24g;12.6
2021-05-16;MpKrakZloRog-PM10-24g;13.17
2021-05-17;MpKrakZloRog-PM10-24g;15.77
2021-05-18;MpKrakZloRog-PM10-24g;13.28
2021-05-19;MpKrakZloRog-PM10-24g;19.45
2021-05-20;MpKrakZloRog-PM10-24g;14.61
2021-05-21;MpKrakZloRog-PM10-24g;16.87
2021-05-22;MpKrakZloRog-PM10-24g;12.08
2021-05-23;MpKrakZloRog-PM10-24g;10.11
2021-05-24;MpKrakZloRog-PM10-24g;16.07
2021-05-25;MpKrakZloRog-PM10-24g;14.24
2021-05-26;MpKrakZloRog-PM10-24g;16.17
2021-05-27;MpKrakZloRog-PM10-24g;14.48
2021-05-28;MpKrakZloRog-PM10-24g;15.7
2021-05-29;MpKrakZloRog-PM10-24g;12.06
2021-05-30;MpKrakZloRog-PM10-24g;11.64
2021-05-31;MpKrakZloRog-PM10-24g;16.76
2021-06-01;MpKrakZloRog-PM10-24g;22.55
2021-06-02;MpKrakZloRog-PM10-24g;24.13
2021-06-03;MpKrakZloRog-PM10-24g;18.18
2021-06-04;MpKrakZloRog-PM10-24g;24.24
2021-06-05;MpKrakZloRog-PM10-24g;16.56
2021-06-06;MpKrakZloRog-PM10-24g;18.82
2021-06-07;MpKrakZloRog-PM10-24g;20.42
2021-06-08;MpKrakZloRog-PM10-24g;26.7
2021-06-09;MpKrakZloRog-PM10-24g;23.9
2021-06-10;MpKrakZloRog-PM10-24g;18.12
2021-06-11;MpKrakZloRog-PM10-24g;22.82
2021-06-12;MpKrakZloRog-PM10-24g;19.2
2021-06-13;MpKrakZloRog-PM10-24g;12.99
2021-06-14;MpKrakZloRog-PM10-24g;12.6
2021-06-15;MpKrakZloRog-PM10-24g;23.9
2021-06-16;MpKrakZloRog-PM10-24g;27.3
2021-06-17;MpKrakZloRog-PM10-24g;26.9
2021-06-18;MpKrakZloRog-PM10-24g;26.7
2021-06-19;MpKrakZloRog-PM10-24g;21.84
2021-06-20;MpKrakZloRog-PM10-24g;17.21
2021-06-21;MpKrakZloRog-PM10-24g;30.91
2021-06-22;MpKrakZloRog-PM10-24g;30.04
2021-06-23;MpKrakZloRog-PM10-24g;29.33
2021-06-24;MpKrakZloRog-PM10-24g;34.63
2021-06-25;MpKrakZloRog-PM10-24g;16.83
2021-06-26;MpKrakZloRog-PM10-24g;17.3
2021-06-27;MpKrakZloRog-PM10-24g;18.94
2021-06-28;MpKrakZloRog-PM10-24g;24.19
2021-06-29;MpKrakZloRog-PM10-24g;25.12
2021-06-30;MpKrakZloRog-PM10-24g;16.92
2021-07-01;MpKrakZloRog-PM10-24g;19.2
2021-07-02;MpKrakZloRog-PM10-24g;18.58
2021-07-03;MpKrakZloRog-PM10-24g;21.17
2021-07-04;MpKrakZloRog-PM10-24g;22.75
2021-07-05;MpKrakZloRog-PM10-24g;22.46
2021-07-06;MpKrakZloRog-PM10-24g;24.54
2021-07-07;MpKrakZloRog-PM10-24g;28.14
2021-07-08;MpKrakZloRog-PM10-24g;31.86
2021-07-09;MpKrakZloRog-PM10-24g;26.81
2021-07-10;MpKrakZloRog-PM10-24g;12.59
2021-07-11;MpKrakZloRog-PM10-24g;18.31
2021-07-12;MpKrakZloRog-PM10-24g;17.1
2021-07-13;MpKrakZloRog-PM10-24g;26.21
2021-07-14;MpKrakZloRog-PM10-24g;41.69
2021-07-15;MpKrakZloRog-PM10-24g;22.88
2021-07-16;MpKrakZloRog-PM10-24g;30.67
2021-07-17;MpKrakZloRog-PM10-24g;22.09
2021-07-18;MpKrakZloRog-PM10-24g;25.23
2021-07-19;MpKrakZloRog-PM10-24g;19.34
2021-07-20;MpKrakZloRog-PM10-24g;19.53
2021-07-21;MpKrakZloRog-PM10-24g;25.81
2021-07-22;MpKrakZloRog-PM10-24g;20.77
2021-07-23;MpKrakZloRog-PM10-24g;24.24
2021-07-24;MpKrakZloRog-PM10-24g;24.9
2021-07-25;MpKrakZloRog-PM10-24g;23.97
2021-07-26;MpKrakZloRog-PM10-24g;17.38
2021-07-27;MpKrakZloRog-PM10-24g;20.2
2021-07-28;MpKrakZloRog-PM10-24g;25.43
2021-07-29;MpKrakZloRog-PM10-24g;18.38
2021-07-30;MpKrakZloRog-PM10-24g;25.23
2021-07-31;MpKrakZloRog-PM10-24g;20.22
2021-08-01;MpKrakZloRog-PM10-24g;15.61
2021-08-02;MpKrakZloRog-PM10-24g;10.53
2021-08-03;MpKrakZloRog-PM10-24g;11.35
2021-08-04;MpKrakZloRog-PM10-24g;15.28
2021-08-05;MpKrakZloRog-PM10-24g;8.82
2021-08-06;MpKrakZloRog-PM10-24g;9.02
2021-08-07;MpKrakZloRog-PM10-24g;15.1
2021-08-08;MpKrakZloRog-PM10-24g;11.64
2021-08-09;MpKrakZloRog-PM10-24g;13.15
2021-08-10;MpKrakZloRog-PM10-24g;20.95
2021-08-11;MpKrakZloRog-PM10-24g;18.47
2021-08-12;MpKrakZloRog-PM10-24g;22.33
2021-08-13;MpKrakZloRog-PM10-24g;28.93
2021-08-14;MpKrakZloRog-PM10-24g;28.34
2021-08-15;MpKrakZloRog-PM10-24g;28.03
2021-08-16;MpKrakZloRog-PM10-24g;24.92
2021-08-17;MpKrakZloRog-PM10-24g;10.58
2021-08-18;MpKrakZloRog-PM10-24g;13.73
2021-08-19;MpKrakZloRog-PM10-24g;10.46
2021-08-20;MpKrakZloRog-PM10-24g;21.2
2021-08-21;MpKrakZloRog-PM10-24g;20.75
2021-08-22;MpKrakZloRog-PM10-24g;21.07
2021-08-23;MpKrakZloRog-PM10-24g;14.15
2021-08-24;MpKrakZloRog-PM10-24g;11.44
2021-08-27;MpKrakZloRog-PM10-24g;22.88
2021-08-28;MpKrakZloRog-PM10-24g;13.53
2021-08-29;MpKrakZloRog-PM10-24g;16.14
2021-08-30;MpKrakZloRog-PM10-24g;13.81
2021-08-31;MpKrakZloRog-PM10-24g;7.34
2021-09-01;MpKrakZloRog-PM10-24g;12.59
2021-09-02;MpKrakZloRog-PM10-24g;18.32
2021-09-03;MpKrakZloRog-PM10-24g;23.77
2021-09-04;MpKrakZloRog-PM10-24g;23.35
2021-09-05;MpKrakZloRog-PM10-24g;11.55
2021-09-06;MpKrakZloRog-PM10-24g;19.18
2021-09-07;MpKrakZloRog-PM10-24g;30.84
2021-09-08;MpKrakZloRog-PM10-24g;28.63
2021-09-09;MpKrakZloRog-PM10-24g;29.11
2021-09-10;MpKrakZloRog-PM10-24g;32.22
2021-09-11;MpKrakZloRog-PM10-24g;31.99
2021-09-12;MpKrakZloRog-PM10-24g;26.61
2021-09-13;MpKrakZloRog-PM10-24g;28.4
2021-09-14;MpKrakZloRog-PM10-24g;31.04
2021-09-15;MpKrakZloRog-PM10-24g;32.97
2021-09-16;MpKrakZloRog-PM10-24g;37.36
2021-09-17;MpKrakZloRog-PM10-24g;14.59
2021-09-18;MpKrakZloRog-PM10-24g;10.71
2021-09-19;MpKrakZloRog-PM10-24g;15.76
2021-09-20;MpKrakZloRog-PM10-24g;13.11
2021-09-21;MpKrakZloRog-PM10-24g;19.05
2021-09-22;MpKrakZloRog-PM10-24g;15.03
2021-09-23;MpKrakZloRog-PM10-24g;22.9
2021-09-24;MpKrakZloRog-PM10-24g;18.18
2021-09-25;MpKrakZloRog-PM10-24g;20.97
2021-09-26;MpKrakZloRog-PM10-24g;24.55
2021-09-27;MpKrakZloRog-PM10-24g;25.92
2021-09-28;MpKrakZloRog-PM10-24g;21.28
2021-09-29;MpKrakZloRog-PM10-24g;29.76
2021-09-30;MpKrakZloRog-PM10-24g;26.96
2021-10-01;MpKrakZloRog-PM10-24g;21.77
2021-10-02;MpKrakZloRog-PM10-24g;25.5
2021-10-03;MpKrakZloRog-PM10-24g;26.07
2021-10-04;MpKrakZloRog-PM10-24g;36.68
2021-10-05;MpKrakZloRog-PM10-24g;34.44
2021-10-06;MpKrakZloRog-PM10-24g;28.54
2021-10-07;MpKrakZloRog-PM10-24g;37.43
2021-10-08;MpKrakZloRog-PM10-24g;38.38
2021-10-09;MpKrakZloRog-PM10-24g;28.78
2021-10-10;MpKrakZloRog-PM10-24g;38.49
2021-10-11;MpKrakZloRog-PM10-24g;63.35
2021-10-12;MpKrakZloRog-PM10-24g;33.92
2021-10-13;MpKrakZloRog-PM10-24g;18.76
2021-10-14;MpKrakZloRog-PM10-24g;27.96
2021-10-15;MpKrakZloRog-PM10-24g;21.07
2021-10-16;MpKrakZloRog-PM10-24g;21.68
2021-10-17;MpKrakZloRog-PM10-24g;32.53
2021-10-18;MpKrakZloRog-PM10-24g;44.24
2021-10-19;MpKrakZloRog-PM10-24g;28.34
2021-10-20;MpKrakZloRog-PM10-24g;30.86
2021-10-21;MpKrakZloRog-PM10-24g;25.45
2021-10-22;MpKrakZloRog-PM10-24g;12.15
2021-10-23;MpKrakZloRog-PM10-24g;16.41
2021-10-24;MpKrakZloRog-PM10-24g;29.62
2021-10-27;MpKrakZloRog-PM10-24g;48.36
2021-10-28;MpKrakZloRog-PM10-24g;55.54
2021-10-29;MpKrakZloRog-PM10-24g;64.46
2021-10-30;MpKrakZloRog-PM10-24g;36.25
2021-10-31;MpKrakZloRog-PM10-24g;28.11
2021-11-01;MpKrakZloRog-PM10-24g;29.91
2021-11-02;MpKrakZloRog-PM10-24g;36.25
2021-11-03;MpKrakZloRog-PM10-24g;18.42
2021-11-04;MpKrakZloRog-PM10-24g;15.46
2021-11-05;MpKrakZloRog-PM10-24g;11.75
2021-11-06;MpKrakZloRog-PM10-24g;25.92
2021-11-07;MpKrakZloRog-PM10-24g;33.11
2021-11-08;MpKrakZloRog-PM10-24g;18.36
2021-11-09;MpKrakZloRog-PM10-24g;27.43
2021-11-10;MpKrakZloRog-PM10-24g;48.67
2021-11-11;MpKrakZloRog-PM10-24g;70.09
2021-11-12;MpKrakZloRog-PM10-24g;55.85
2021-11-13;MpKrakZloRog-PM10-24g;54.39
2021-11-14;MpKrakZloRog-PM10-24g;56.14
2021-11-15;MpKrakZloRog-PM10-24g;49.0
2021-11-16;MpKrakZloRog-PM10-24g;43.17
2021-11-17;MpKrakZloRog-PM10-24g;42.4
2021-11-18;MpKrakZloRog-PM10-24g;24.12
2021-11-19;MpKrakZloRog-PM10-24g;14.52
2021-11-20;MpKrakZloRog-PM10-24g;18.09
2021-11-21;MpKrakZloRog-PM10-24g;20.15
2021-11-22;MpKrakZloRog-PM10-24g;28.52
2021-11-23;MpKrakZloRog-PM10-24g;18.09
2021-11-24;MpKrakZloRog-PM10-24g;27.16
2021-11-25;MpKrakZloRog-PM10-24g;64.75
2021-11-26;MpKrakZloRog-PM10-24g;56.61
2021-11-27;MpKrakZloRog-PM10-24g;27.5
2021-11-28;MpKrakZloRog-PM10-24g;46.92
2021-11-29;MpKrakZloRog-PM10-24g;23.66
2021-11-30;MpKrakZloRog-PM10-24g;11.84
2021-12-01;MpKrakZloRog-PM10-24g;9.67
2021-12-02;MpKrakZloRog-PM10-24g;14.19
2021-12-03;MpKrakZloRog-PM10-24g;20.2
2021-12-04;MpKrakZloRog-PM10-24g;32.82
2021-12-05;MpKrakZloRog-PM10-24g;34.34
2021-12-06;MpKrakZloRog-PM10-24g;53.88
2021-12-07;MpKrakZloRog-PM10-24g;33.22
2021-12-08;MpKrakZloRog-PM10-24g;31.4
2021-12-09;MpKrakZloRog-PM10-24g;36.48
2021-12-10;MpKrakZloRog-PM10-24g;74.15
2021-12-11;MpKrakZloRog-PM10-24g;69.71
2021-12-12;MpKrakZloRog-PM10-24g;61.2
2021-12-13;MpKrakZloRog-PM10-24g;117.76
2021-12-14;MpKrakZloRog-PM10-24g;136.78
2021-12-15;MpKrakZloRog-PM10-24g;75.36
2021-12-16;MpKrakZloRog-PM10-24g;35.01
2021-12-17;MpKrakZloRog-PM10-24g;19.2
2021-12-18;MpKrakZloRog-PM10-24g;25.21
2021-12-19;MpKrakZloRog-PM10-24g;12.64
2021-12-20;MpKrakZloRog-PM10-24g;11.51
2021-12-21;MpKrakZloRog-PM10-24g;28.14
2021-12-22;MpKrakZloRog-PM10-24g;65.01
2021-12-23;MpKrakZloRog-PM10-24g;62.19
2021-12-24;MpKrakZloRog-PM10-24g;14.46
2021-12-27;MpKrakZloRog-PM10-24g;54.19
2021-12-28;MpKrakZloRog-PM10-24g;37.21
2021-12-29;MpKrakZloRog-PM10-24g;67.63
2021-12-30;MpKrakZloRog-PM10-24g;74.9
2021-12-31;MpKrakZloRog-PM10-24g;11.64
2022-01-01;MpKrakZloRog-PM10-24g;16.21
2022-01-02;MpKrakZloRog-PM10-24g;24.92
2022-01-03;MpKrakZloRog-PM10-24g;11.71
2022-01-04;MpKrakZloRog-PM10-24g;7.52
2022-01-05;MpKrakZloRog-PM10-24g;10.33
2022-01-06;MpKrakZloRog-PM10-24g;7.34
2022-01-07;MpKrakZloRog-PM10-24g;36.3
2022-01-08;MpKrakZloRog-PM10-24g;55.41
2022-01-09;MpKrakZloRog-PM10-24g;58.56
2022-01-10;MpKrakZloRog-PM10-24g;40.89
2022-01-11;MpKrakZloRog-PM10-24g;31.44
2022-01-12;MpKrakZloRog-PM10-24g;39.71
2022-01-13;MpKrakZloRog-PM10-24g;36.74
2022-01-14;MpKrakZloRog-PM10-24g;24.81
2022-01-15;MpKrakZloRog-PM10-24g;36.19
2022-01-16;MpKrakZloRog-PM10-24g;48.11
2022-01-17;MpKrakZloRog-PM10-24g;13.35
2022-01-18;MpKrakZloRog-PM10-24g;21.6
2022-01-19;MpKrakZloRog-PM10-24g;44.32
2022-01-20;MpKrakZloRog-PM10-24g;14.43
2022-01-21;MpKrakZloRog-PM10-24g;15.99
2022-01-22;MpKrakZloRog-PM10-24g;15.77
2022-01-23;MpKrakZloRog-PM10-24g;25.65
2022-01-24;MpKrakZloRog-PM10-24g;56.14
2022-01-25;MpKrakZloRog-PM10-24g;50.35
2022-01-26;MpKrakZloRog-PM10-24g;29.16
2022-01-27;MpKrakZloRog-PM10-24g;21.95
2022-01-28;MpKrakZloRog-PM10-24g;9.25
2022-01-29;MpKrakZloRog-PM10-24g;14.17
2022-01-30;MpKrakZloRog-PM10-24g;12.48
2022-01-31;MpKrakZloRog-PM10-24g;35.96
2022-02-01;MpKrakZloRog-PM10-24g;38.45
2022-02-02;MpKrakZloRog-PM10-24g;8.23
2022-02-03;MpKrakZloRog-PM10-24g;19.78
2022-02-04;MpKrakZloRog-PM10-24g;26.72
2022-02-05;MpKrakZloRog-PM10-24g;12.97
2022-02-06;MpKrakZloRog-PM10-24g;7.85
2022-02-07;MpKrakZloRog-PM10-24g;8.38
2022-02-08;MpKrakZloRog-PM10-24g;17.36
2022-02-09;MpKrakZloRog-PM10-24g;13.93
2022-02-10;MpKrakZloRog-PM10-24g;23.97
2022-02-11;MpKrakZloRog-PM10-24g;22.46
2022-02-12;MpKrakZloRog-PM10-24g;23.35
2022-02-13;MpKrakZloRog-PM10-24g;43.41
2022-02-14;MpKrakZloRog-PM10-24g;45.59
2022-02-15;MpKrakZloRog-PM10-24g;60.47
2022-02-16;MpKrakZloRog-PM10-24g;51.24
2022-02-17;MpKrakZloRog-PM10-24g;6.25
2022-02-18;MpKrakZloRog-PM10-24g;11.58
2022-02-19;MpKrakZloRog-PM10-24g;10.29
2022-02-20;MpKrakZloRog-PM10-24g;13.02
2022-02-21;MpKrakZloRog-PM10-24g;7.67
2022-02-22;MpKrakZloRog-PM10-24g;16.92
2022-02-23;MpKrakZloRog-PM10-24g;19.93
2022-02-24;MpKrakZloRog-PM10-24g;36.47
2022-02-25;MpKrakZloRog-PM10-24g;30.0
2022-02-26;MpKrakZloRog-PM10-24g;47.56
2022-02-27;MpKrakZloRog-PM10-24g;22.88
2022-02-28;MpKrakZloRog-PM10-24g;20.46
2022-03-01;MpKrakZloRog-PM10-24g;40.87
2022-03-02;MpKrakZloRog-PM10-24g;60.42
2022-03-03;MpKrakZloRog-PM10-24g;74.13
2022-03-04;MpKrakZloRog-PM10-24g;31.04
2022-03-05;MpKrakZloRog-PM10-24g;21.99
2022-03-06;MpKrakZloRog-PM10-24g;18.85
2022-03-07;MpKrakZloRog-PM10-24g;29.98
2022-03-08;MpKrakZloRog-PM10-24g;25.43
2022-03-09;MpKrakZloRog-PM10-24g;52.91
2022-03-10;MpKrakZloRog-PM10-24g;17.36
2022-03-11;MpKrakZloRog-PM10-24g;29.76
2022-03-12;MpKrakZloRog-PM10-24g;49.89
2022-03-13;MpKrakZloRog-PM10-24g;53.84
2022-03-14;MpKrakZloRog-PM10-24g;58.82
2022-03-15;MpKrakZloRog-PM10-24g;63.33
2022-03-16;MpKrakZloRog-PM10-24g;62.35
2022-03-17;MpKrakZloRog-PM10-24g;53.39
2022-03-18;MpKrakZloRog-PM10-24g;37.56
2022-03-19;MpKrakZloRog-PM10-24g;43.68
2022-03-20;MpKrakZloRog-PM10-24g;41.35
2022-03-21;MpKrakZloRog-PM10-24g;50.82
2022-03-22;MpKrakZloRog-PM10-24g;62.84
2022-03-23;MpKrakZloRog-PM10-24g;66.03
2022-03-24;MpKrakZloRog-PM10-24g;59.98
2022-03-25;MpKrakZloRog-PM10-24g;67.09
2022-03-26;MpKrakZloRog-PM10-24g;61.69
2022-03-27;MpKrakZloRog-PM10-24g;14.23
2022-03-28;MpKrakZloRog-PM10-24g;40.97
2022-03-29;MpKrakZloRog-PM10-24g;39.67
2022-03-30;MpKrakZloRog-PM10-24g;38.78
2022-03-31;MpKrakZloRog-PM10-24g;12.79
2022-04-01;MpKrakZloRog-PM10-24g;10.55
2022-04-02;MpKrakZloRog-PM10-24g;17.56
2022-04-03;MpKrakZloRog-PM10-24g;20.16
2022-04-04;MpKrakZloRog-PM10-24g;17.78
2022-04-05;MpKrakZloRog-PM10-24g;11.55
2022-04-06;MpKrakZloRog-PM10-24g;12.17
2022-04-07;MpKrakZloRog-PM10-24g;15.52
2022-04-08;MpKrakZloRog-PM10-24g;9.84
2022-04-09;MpKrakZloRog-PM10-24g;18.63
2022-04-10;MpKrakZloRog-PM10-24g;19.93
2022-04-11;MpKrakZloRog-PM10-24g;22.46
2022-04-12;MpKrakZloRog-PM10-24g;35.7
2022-04-13;MpKrakZloRog-PM10-24g;35.45
2022-04-14;MpKrakZloRog-PM10-24g;40.86
2022-04-15;MpKrakZloRog-PM10-24g;28.34
2022-04-16;MpKrakZloRog-PM10-24g;9.11
2022-04-17;MpKrakZloRog-PM10-24g;11.66
2022-04-18;MpKrakZloRog-PM10-24g;20.69
2022-04-19;MpKrakZloRog-PM10-24g;20.33
2022-04-20;MpKrakZloRog-PM10-24g;38.94
2022-04-21;MpKrakZloRog-PM10-24g;39.74
2022-04-22;MpKrakZloRog-PM10-24g;30.35
2022-04-23;MpKrakZloRog-PM10-24g;19.31
2022-04-24;MpKrakZloRog-PM10-24g;25.83
2022-04-25;MpKrakZloRog-PM10-24g;18.45
2022-04-26;MpKrakZloRog-PM10-24g;28.11
2022-04-27;MpKrakZloRog-PM10-24g;33.01
2022-04-28;MpKrakZloRog-PM10-24g;26.03
2022-04-29;MpKrakZloRog-PM10-24g;34.48
2022-04-30;MpKrakZloRog-PM10-24g;32.11
2022-05-01;MpKrakZloRog-PM10-24g;28.56
2022-05-02;MpKrakZloRog-PM10-24g;35.12
2022-05-03;MpKrakZloRog-PM10-24g;35.39
2022-05-04;MpKrakZloRog-PM10-24g;25.48
2022-05-05;MpKrakZloRog-PM10-24g;25.03
2022-05-06;MpKrakZloRog-PM10-24g;34.66
2022-05-07;MpKrakZloRog-PM10-24g;29.49
2022-05-08;MpKrakZloRog-PM10-24g;28.18
2022-05-09;MpKrakZloRog-PM10-24g;17.65
2022-05-10;MpKrakZloRog-PM10-24g;25.34
2022-05-11;MpKrakZloRog-PM10-24g;29.56
2022-05-12;MpKrakZloRog-PM10-24g;35.21
2022-05-13;MpKrakZloRog-PM10-24g;31.18
2022-05-14;MpKrakZloRog-PM10-24g;23.57
2022-05-15;MpKrakZloRog-PM10-24g;23.21
2022-05-16;MpKrakZloRog-PM10-24g;22.15
2022-05-17;MpKrakZloRog-PM10-24g;21.97
2022-05-18;MpKrakZloRog-PM10-24g;17.87
2022-05-19;MpKrakZloRog-PM10-24g;25.25
2022-05-20;MpKrakZloRog-PM10-24g;30.46
2022-05-21;MpKrakZloRog-PM10-24g;20.49
2022-05-22;MpKrakZloRog-PM10-24g;9.23
2022-05-23;MpKrakZloRog-PM10-24g;12.44
2022-05-24;MpKrakZloRog-PM10-24g;28.69
2022-05-25;MpKrakZloRog-PM10-24g;21.18
2022-05-26;MpKrakZloRog-PM10-24g;16.36
2022-05-27;MpKrakZloRog-PM10-24g;14.85
2022-05-28;MpKrakZloRog-PM10-24g;14.34
2022-05-29;MpKrakZloRog-PM10-24g;14.35
2022-05-30;MpKrakZloRog-PM10-24g;16.98
2022-05-31;MpKrakZloRog-PM10-24g;23.53
2022-06-01;MpKrakZloRog-PM10-24g;23.75
2022-06-02;MpKrakZloRog-PM10-24g;16.41
2022-06-03;MpKrakZloRog-PM10-24g;19.53
2022-06-04;MpKrakZloRog-PM10-24g;23.13
2022-06-05;MpKrakZloRog-PM10-24g;19.58
2022-06-06;MpKrakZloRog-PM10-24g;25.9
2022-06-07;MpKrakZloRog-PM10-24g;23.42
2022-06-08;MpKrakZloRog-PM10-24g;14.64
2022-06-09;MpKrakZloRog-PM10-24g;21.11
2022-06-10;MpKrakZloRog-PM10-24g;18.31
2022-06-11;MpKrakZloRog-PM10-24g;15.54
2022-06-12;MpKrakZloRog-PM10-24g;17.18
2022-06-13;MpKrakZloRog-PM10-24g;16.45
2022-06-14;MpKrakZloRog-PM10-24g;15.05
2022-06-15;MpKrakZloRog-PM10-24g;19.76
2022-06-16;MpKrakZloRog-PM10-24g;17.32
2022-06-17;MpKrakZloRog-PM10-24g;17.43
2022-06-18;MpKrakZloRog-PM10-24g;16.85
2022-06-19;MpKrakZloRog-PM10-24g;19.98
2022-06-20;MpKrakZloRog-PM10-24g;20.8
2022-06-21;MpKrakZloRog-PM10-24g;11.75
2022-06-22;MpKrakZloRog-PM10-24g;14.57
2022-06-23;MpKrakZloRog-PM10-24g;18.09
2022-06-24;MpKrakZloRog-PM10-24g;17.91
2022-06-25;MpKrakZloRog-PM10-24g;18.62
2022-06-26;MpKrakZloRog-PM10-24g;18.6
2022-06-27;MpKrakZloRog-PM10-24g;23.32
2022-06-28;MpKrakZloRog-PM10-24g;25.99
2022-06-29;MpKrakZloRog-PM10-24g;26.59
2022-06-30;MpKrakZloRog-PM10-24g;33.21
2022-07-01;MpKrakZloRog-PM10-24g;32.46
2022-07-02;MpKrakZloRog-PM10-24g;14.64
2022-07-03;MpKrakZloRog-PM10-24g;12.48
2022-07-04;MpKrakZloRog-PM10-24g;19.47
2022-07-05;MpKrakZloRog-PM10-24g;17.1
2022-07-06;MpKrakZloRog-PM10-24g;13.44
2022-07-07;MpKrakZloRog-PM10-24g;18.82
2022-07-08;MpKrakZloRog-PM10-24g;15.25
2022-07-09;MpKrakZloRog-PM10-24g;14.64
2022-07-10;MpKrakZloRog-PM10-24g;12.48
2022-07-11;MpKrakZloRog-PM10-24g;11.77
2022-07-12;MpKrakZloRog-PM10-24g;13.77
2022-07-13;MpKrakZloRog-PM10-24g;15.74
2022-07-14;MpKrakZloRog-PM10-24g;23.22
2022-07-15;MpKrakZloRog-PM10-24g;14.35
2022-07-16;MpKrakZloRog-PM10-24g;16.23
2022-07-17;MpKrakZloRog-PM10-24g;13.19
2022-07-18;MpKrakZloRog-PM10-24g;19.14
2022-07-19;MpKrakZloRog-PM10-24g;24.48
2022-07-20;MpKrakZloRog-PM10-24g;27.74
2022-07-21;MpKrakZloRog-PM10-24g;23.62
2022-07-22;MpKrakZloRog-PM10-24g;31.58
2022-07-23;MpKrakZloRog-PM10-24g;27.87
2022-07-24;MpKrakZloRog-PM10-24g;16.68
2022-07-25;MpKrakZloRog-PM10-24g;17.96
2022-07-26;MpKrakZloRog-PM10-24g;21.02
2022-07-27;MpKrakZloRog-PM10-24g;19.98
2022-07-28;MpKrakZloRog-PM10-24g;19.51
2022-07-29;MpKrakZloRog-PM10-24g;18.11
2022-07-30;MpKrakZloRog-PM10-24g;14.44
2022-07-31;MpKrakZloRog-PM10-24g;8.32
2022-08-01;MpKrakZloRog-PM10-24g;18.18
2022-08-02;MpKrakZloRog-PM10-24g;23.19
2022-08-03;MpKrakZloRog-PM10-24g;23.81
2022-08-04;MpKrakZloRog-PM10-24g;25.56
2022-08-05;MpKrakZloRog-PM10-24g;29.71
2022-08-06;MpKrakZloRog-PM10-24g;20.55
2022-08-07;MpKrakZloRog-PM10-24g;14.64
2022-08-08;MpKrakZloRog-PM10-24g;18.25
2022-08-09;MpKrakZloRog-PM10-24g;20.02
2022-08-10;MpKrakZloRog-PM10-24g;18.56
2022-08-11;MpKrakZloRog-PM10-24g;17.58
2022-08-12;MpKrakZloRog-PM10-24g;17.96
2022-08-13;MpKrakZloRog-PM10-24g;17.14
2022-08-14;MpKrakZloRog-PM10-24g;16.48
2022-08-15;MpKrakZloRog-PM10-24g;24.1
2022-08-16;MpKrakZloRog-PM10-24g;30.62
2022-08-17;MpKrakZloRog-PM10-24g;35.74
2022-08-18;MpKrakZloRog-PM10-24g;30.24
2022-08-19;MpKrakZloRog-PM10-24g;33.97
2022-08-20;MpKrakZloRog-PM10-24g;26.16
2022-08-21;MpKrakZloRog-PM10-24g;19.73
2022-08-22;MpKrakZloRog-PM10-24g;19.11
2022-08-23;MpKrakZloRog-PM10-24g;19.95
2022-08-24;MpKrakZloRog-PM10-24g;36.16
2022-08-25;MpKrakZloRog-PM10-24g;51.73
2022-08-26;MpKrakZloRog-PM10-24g;34.15
2022-08-27;MpKrakZloRog-PM10-24g;29.93
2022-08-28;MpKrakZloRog-PM10-24g;19.62
2022-08-29;MpKrakZloRog-PM10-24g;20.16
2022-08-30;MpKrakZloRog-PM10-24g;21.2
2022-08-31;MpKrakZloRog-PM10-24g;17.16
2022-09-01;MpKrakZloRog-PM10-24g;12.44
2022-09-02;MpKrakZloRog-PM10-24g;14.61
2022-09-03;MpKrakZloRog-PM10-24g;14.79
2022-09-04;MpKrakZloRog-PM10-24g;17.01
2022-09-05;MpKrakZloRog-PM10-24g;20.4
2022-09-06;MpKrakZloRog-PM10-24g;18.4
2022-09-07;MpKrakZloRog-PM10-24g;25.97
2022-09-08;MpKrakZloRog-PM10-24g;28.65
2022-09-09;MpKrakZloRog-PM10-24g;15.77
2022-09-10;MpKrakZloRog-PM10-24g;16.74
2022-09-11;MpKrakZloRog-PM10-24g;13.26
2022-09-12;MpKrakZloRog-PM10-24g;16.27
2022-09-13;MpKrakZloRog-PM10-24g;17.76
2022-09-14;MpKrakZloRog-PM10-24g;17.32
2022-09-15;MpKrakZloRog-PM10-24g;13.84
2022-09-16;MpKrakZloRog-PM10-24g;17.4
2022-09-17;MpKrakZloRog-PM10-24g;15.63
2022-09-18;MpKrakZloRog-PM10-24g;8.82
2022-09-19;MpKrakZloRog-PM10-24g;10.02
2022-09-20;MpKrakZloRog-PM10-24g;14.54
2022-09-21;MpKrakZloRog-PM10-24g;16.05
2022-09-22;MpKrakZloRog-PM10-24g;16.32
2022-09-23;MpKrakZloRog-PM10-24g;25.36
2022-09-24;MpKrakZloRog-PM10-24g;24.94
2022-09-25;MpKrakZloRog-PM10-24g;30.98
2022-09-26;MpKrakZloRog-PM10-24g;35.79
2022-09-27;MpKrakZloRog-PM10-24g;20.24
2022-09-28;MpKrakZloRog-PM10-24g;12.86
2022-09-29;MpKrakZloRog-PM10-24g;18.25
2022-09-30;MpKrakZloRog-PM10-24g;20.91
2022-10-01;MpKrakZloRog-PM10-24g;27.8
2022-10-02;MpKrakZloRog-PM10-24g;12.6
2022-10-03;MpKrakZloRog-PM10-24g;12.93
2022-10-04;MpKrakZloRog-PM10-24g;21.11
2022-10-05;MpKrakZloRog-PM10-24g;35.08
2022-10-06;MpKrakZloRog-PM10-24g;30.38
2022-10-07;MpKrakZloRog-PM10-24g;30.0
2022-10-08;MpKrakZloRog-PM10-24g;31.95
2022-10-09;MpKrakZloRog-PM10-24g;17.58
2022-10-10;MpKrakZloRog-PM10-24g;27.27
2022-10-11;MpKrakZloRog-PM10-24g;36.12
2022-10-12;MpKrakZloRog-PM10-24g;34.28
2022-10-13;MpKrakZloRog-PM10-24g;41.09
2022-10-14;MpKrakZloRog-PM10-24g;46.56
2022-10-15;MpKrakZloRog-PM10-24g;34.7
2022-10-16;MpKrakZloRog-PM10-24g;30.58
2022-10-17;MpKrakZloRog-PM10-24g;42.79
2022-10-18;MpKrakZloRog-PM10-24g;34.88
2022-10-19;MpKrakZloRog-PM10-24g;15.41
2022-10-20;MpKrakZloRog-PM10-24g;20.31
2022-10-21;MpKrakZloRog-PM10-24g;39.96
2022-10-22;MpKrakZloRog-PM10-24g;44.92
2022-10-23;MpKrakZloRog-PM10-24g;25.81
2022-10-24;MpKrakZloRog-PM10-24g;30.58
2022-10-25;MpKrakZloRog-PM10-24g;19.6
2022-10-26;MpKrakZloRog-PM10-24g;32.3
2022-10-27;MpKrakZloRog-PM10-24g;41.86
2022-10-28;MpKrakZloRog-PM10-24g;37.05
2022-10-29;MpKrakZloRog-PM10-24g;25.77
2022-10-30;MpKrakZloRog-PM10-24g;31.66
2022-10-31;MpKrakZloRog-PM10-24g;42.37
2022-11-01;MpKrakZloRog-PM10-24g;31.89
2022-11-02;MpKrakZloRog-PM10-24g;27.03
2022-11-03;MpKrakZloRog-PM10-24g;35.03
2022-11-04;MpKrakZloRog-PM10-24g;33.35
2022-11-05;MpKrakZloRog-PM10-24g;18.01
2022-11-06;MpKrakZloRog-PM10-24g;25.94
2022-11-07;MpKrakZloRog-PM10-24g;25.68
2022-11-08;MpKrakZloRog-PM10-24g;42.93
2022-11-09;MpKrakZloRog-PM10-24g;52.26
2022-11-10;MpKrakZloRog-PM10-24g;42.62
2022-11-11;MpKrakZloRog-PM10-24g;33.01
2022-11-14;MpKrakZloRog-PM10-24g;30.93
2022-11-15;MpKrakZloRog-PM10-24g;39.23
2022-11-16;MpKrakZloRog-PM10-24g;33.97
2022-11-17;MpKrakZloRog-PM10-24g;8.01
2022-11-18;MpKrakZloRog-PM10-24g;19.56
2022-11-19;MpKrakZloRog-PM10-24g;26.39
2022-11-20;MpKrakZloRog-PM10-24g;75.41
2022-11-21;MpKrakZloRog-PM10-24g;88.54
2022-11-22;MpKrakZloRog-PM10-24g;45.34
2022-11-23;MpKrakZloRog-PM10-24g;30.24
2022-11-24;MpKrakZloRog-PM10-24g;29.38
2022-11-25;MpKrakZloRog-PM10-24g;68.96
2022-11-26;MpKrakZloRog-PM10-24g;43.59
2022-11-27;MpKrakZloRog-PM10-24g;26.98
2022-11-28;MpKrakZloRog-PM10-24g;35.06
2022-11-29;MpKrakZloRog-PM10-24g;32.42
2022-11-30;MpKrakZloRog-PM10-24g;31.93
2022-12-01;MpKrakZloRog-PM10-24g;23.1
2022-12-02;MpKrakZloRog-PM10-24g;24.41
2022-12-03;MpKrakZloRog-PM10-24g;56.5
2022-12-04;MpKrakZloRog-PM10-24g;22.84
2022-12-05;MpKrakZloRog-PM10-24g;37.27
2022-12-06;MpKrakZloRog-PM10-24g;31.26
2022-12-07;MpKrakZloRog-PM10-24g;13.59
2022-12-08;MpKrakZloRog-PM10-24g;25.36
2022-12-09;MpKrakZloRog-PM10-24g;42.0
2022-12-10;MpKrakZloRog-PM10-24g;23.02
2022-12-11;MpKrakZloRog-PM10-24g;19.93
2022-12-12;MpKrakZloRog-PM10-24g;25.59
2022-12-13;MpKrakZloRog-PM10-24g;23.04
2022-12-14;MpKrakZloRog-PM10-24g;52.42
2022-12-15;MpKrakZloRog-PM10-24g;60.51
2022-12-16;MpKrakZloRog-PM10-24g;41.84
2022-12-17;MpKrakZloRog-PM10-24g;58.16
2022-12-18;MpKrakZloRog-PM10-24g;51.6
2022-12-19;MpKrakZloRog-PM10-24g;77.14
2022-12-20;MpKrakZloRog-PM10-24g;81.84
2022-12-21;MpKrakZloRog-PM10-24g;72.95
2022-12-22;MpKrakZloRog-PM10-24g;66.45
2022-12-23;MpKrakZloRog-PM10-24g;29.91
2022-12-24;MpKrakZloRog-PM10-24g;27.43
2022-12-25;MpKrakZloRog-PM10-24g;29.98
2022-12-26;MpKrakZloRog-PM10-24g;33.97
2022-12-27;MpKrakZloRog-PM10-24g;12.95
2022-12-28;MpKrakZloRog-PM10-24g;19.2
2022-12-29;MpKrakZloRog-PM10-24g;30.16
2022-12-30;MpKrakZloRog-PM10-24g;51.09
2022-12-31;MpKrakZloRog-PM10-24g;35.72
2023-01-01;MpKrakZloRog-PM10-24g;42.53
2023-01-02;MpKrakZloRog-PM10-24g;57.72
2023-01-03;MpKrakZloRog-PM10-24g;31.26
2023-01-04;MpKrakZloRog-PM10-24g;37.38
2023-01-05;MpKrakZloRog-PM10-24g;8.76
2023-01-06;MpKrakZloRog-PM10-24g;16.14
2023-01-07;MpKrakZloRog-PM10-24g;26.45
2023-01-08;MpKrakZloRog-PM10-24g;38.78
2023-01-09;MpKrakZloRog-PM10-24g;35.46
2023-01-10;MpKrakZloRog-PM10-24g;18.74
2023-01-11;MpKrakZloRog-PM10-24g;37.07
2023-01-12;MpKrakZloRog-PM10-24g;31.17
2023-01-13;MpKrakZloRog-PM10-24g;15.87
2023-01-14;MpKrakZloRog-PM10-24g;19.16
2023-01-15;MpKrakZloRog-PM10-24g;13.17
2023-01-16;MpKrakZloRog-PM10-24g;21.8
2023-01-17;MpKrakZloRog-PM10-24g;27.74
2023-01-18;MpKrakZloRog-PM10-24g;20.0
2023-01-19;MpKrakZloRog-PM10-24g;36.32
2023-01-20;MpKrakZloRog-PM10-24g;28.62
2023-01-21;MpKrakZloRog-PM10-24g;18.38
2023-01-22;MpKrakZloRog-PM10-24g;21.75
2023-01-23;MpKrakZloRog-PM10-24g;21.93
2023-01-24;MpKrakZloRog-PM10-24g;14.17
2023-01-25;MpKrakZloRog-PM10-24g;11.62
2023-01-26;MpKrakZloRog-PM10-24g;28.49
2023-01-27;MpKrakZloRog-PM10-24g;27.03
2023-01-28;MpKrakZloRog-PM10-24g;23.1
2023-01-29;MpKrakZloRog-PM10-24g;16.23
2023-01-30;MpKrakZloRog-PM10-24g;17.7
2023-01-31;MpKrakZloRog-PM10-24g;12.73
2023-02-01;MpKrakZloRog-PM10-24g;10.05
2023-02-02;MpKrakZloRog-PM10-24g;7.25
2023-02-03;MpKrakZloRog-PM10-24g;10.33
2023-02-04;MpKrakZloRog-PM10-24g;8.56
2023-02-05;MpKrakZloRog-PM10-24g;12.84
2023-02-06;MpKrakZloRog-PM10-24g;30.24
2023-02-07;MpKrakZloRog-PM10-24g;108.2
2023-02-08;MpKrakZloRog-PM10-24g;48.51
2023-02-09;MpKrakZloRog-PM10-24g;66.23
2023-02-10;MpKrakZloRog-PM10-24g;60.82
2023-02-11;MpKrakZloRog-PM10-24g;44.15
2023-02-12;MpKrakZloRog-PM10-24g;24.59
2023-02-13;MpKrakZloRog-PM10-24g;39.74
2023-02-14;MpKrakZloRog-PM10-24g;28.91
2023-02-15;MpKrakZloRog-PM10-24g;39.16
2023-02-18;MpKrakZloRog-PM10-24g;9.11
2023-02-19;MpKrakZloRog-PM10-24g;6.92
2023-02-21;MpKrakZloRog-PM10-24g;11.81
2023-02-22;MpKrakZloRog-PM10-24g;33.99
2023-02-23;MpKrakZloRog-PM10-24g;42.31
2023-02-24;MpKrakZloRog-PM10-24g;32.11
2023-02-25;MpKrakZloRog-PM10-24g;10.58
2023-02-26;MpKrakZloRog-PM10-24g;8.98
2023-02-27;MpKrakZloRog-PM10-24g;13.81
2023-02-28;MpKrakZloRog-PM10-24g;31.31
2023-03-01;MpKrakZloRog-PM10-24g;56.96
2023-03-02;MpKrakZloRog-PM10-24g;65.79
2023-03-03;MpKrakZloRog-PM10-24g;60.15
2023-03-04;MpKrakZloRog-PM10-24g;33.32
2023-03-05;MpKrakZloRog-PM10-24g;15.25
2023-03-06;MpKrakZloRog-PM10-24g;22.71
2023-03-07;MpKrakZloRog-PM10-24g;30.26
2023-03-08;MpKrakZloRog-PM10-24g;18.12
2023-03-09;MpKrakZloRog-PM10-24g;18.91
2023-03-10;MpKrakZloRog-PM10-24g;18.4
2023-03-11;MpKrakZloRog-PM10-24g;8.69
2023-03-12;MpKrakZloRog-PM10-24g;14.28
2023-03-13;MpKrakZloRog-PM10-24g;12.81
2023-03-14;MpKrakZloRog-PM10-24g;19.18
2023-03-15;MpKrakZloRog-PM10-24g;19.14
2023-03-16;MpKrakZloRog-PM10-24g;33.55
2023-03-17;MpKrakZloRog-PM10-24g;37.3
2023-03-18;MpKrakZloRog-PM10-24g;34.9
2023-03-19;MpKrakZloRog-PM10-24g;42.04
2023-03-20;MpKrakZloRog-PM10-24g;53.04
2023-03-21;MpKrakZloRog-PM10-24g;33.83
2023-03-22;MpKrakZloRog-PM10-24g;36.48
2023-03-23;MpKrakZloRog-PM10-24g;33.41
2023-03-24;MpKrakZloRog-PM10-24g;22.02
2023-03-25;MpKrakZloRog-PM10-24g;14.35
2023-03-26;MpKrakZloRog-PM10-24g;10.44
2023-03-27;MpKrakZloRog-PM10-24g;13.1
2023-03-28;MpKrakZloRog-PM10-24g;15.5
2023-03-29;MpKrakZloRog-PM10-24g;23.13
2023-03-30;MpKrakZloRog-PM10-24g;28.62
2023-03-31;MpKrakZloRog-PM10-24g;14.99
2023-04-01;MpKrakZloRog-PM10-24g;10.87
2023-04-02;MpKrakZloRog-PM10-24g;10.31
2023-04-03;MpKrakZloRog-PM10-24g;9.16
2023-04-04;MpKrakZloRog-PM10-24g;12.5
2023-04-05;MpKrakZloRog-PM10-24g;23.37
2023-04-06;MpKrakZloRog-PM10-24g;24.52
2023-04-07;MpKrakZloRog-PM10-24g;26.48
2023-04-08;MpKrakZloRog-PM10-24g;29.71
2023-04-09;MpKrakZloRog-PM10-24g;35.43
2023-04-10;MpKrakZloRog-PM10-24g;42.37
2023-04-11;MpKrakZloRog-PM10-24g;14.72
2023-04-12;MpKrakZloRog-PM10-24g;20.31
2023-04-13;MpKrakZloRog-PM10-24g;28.96
2023-04-14;MpKrakZloRog-PM10-24g;20.89
2023-04-15;MpKrakZloRog-PM10-24g;12.42
2023-04-16;MpKrakZloRog-PM10-24g;20.8
2023-04-17;MpKrakZloRog-PM10-24g;17.41
2023-04-18;MpKrakZloRog-PM10-24g;18.16
2023-04-19;MpKrakZloRog-PM10-24g;20.05
2023-04-20;MpKrakZloRog-PM10-24g;31.68
2023-04-21;MpKrakZloRog-PM10-24g;36.47
2023-04-22;MpKrakZloRog-PM10-24g;32.9
2023-04-23;MpKrakZloRog-PM10-24g;25.21
2023-04-24;MpKrakZloRog-PM10-24g;26.56
2023-04-25;MpKrakZloRog-PM10-24g;14.21
2023-04-26;MpKrakZloRog-PM10-24g;17.3
2023-04-27;MpKrakZloRog-PM10-24g;29.34
2023-04-28;MpKrakZloRog-PM10-24g;27.34
2023-04-29;MpKrakZloRog-PM10-24g;24.79
2023-04-30;MpKrakZloRog-PM10-24g;12.97
2023-05-01;MpKrakZloRog-PM10-24g;16.07
2023-05-02;MpKrakZloRog-PM10-24g;17.61
2023-05-03;MpKrakZloRog-PM10-24g;22.7
2023-05-04;MpKrakZloRog-PM10-24g;18.42
2023-05-05;MpKrakZloRog-PM10-24g;20.55
2023-05-06;MpKrakZloRog-PM10-24g;23.86
2023-05-07;MpKrakZloRog-PM10-24g;10.55
2023-05-08;MpKrakZloRog-PM10-24g;14.15
2023-05-09;MpKrakZloRog-PM10-24g;18.69
2023-05-10;MpKrakZloRog-PM10-24g;23.17
2023-05-11;MpKrakZloRog-PM10-24g;22.09
2023-05-12;MpKrakZloRog-PM10-24g;22.55
2023-05-13;MpKrakZloRog-PM10-24g;17.19
2023-05-14;MpKrakZloRog-PM10-24g;14.26
2023-05-15;MpKrakZloRog-PM10-24g;11.77
2023-05-16;MpKrakZloRog-PM10-24g;16.87
2023-05-17;MpKrakZloRog-PM10-24g;10.35
2023-05-18;MpKrakZloRog-PM10-24g;12.19
2023-05-19;MpKrakZloRog-PM10-24g;17.96
2023-05-20;MpKrakZloRog-PM10-24g;21.35
2023-05-21;MpKrakZloRog-PM10-24g;15.56
2023-05-22;MpKrakZloRog-PM10-24g;15.77
2023-05-23;MpKrakZloRog-PM10-24g;19.2
2023-05-24;MpKrakZloRog-PM10-24g;11.8
2023-05-25;MpKrakZloRog-PM10-24g;32.84
2023-05-26;MpKrakZloRog-PM10-24g;26.89
2023-05-27;MpKrakZloRog-PM10-24g;16.81
2023-05-28;MpKrakZloRog-PM10-24g;15.14
2023-05-29;MpKrakZloRog-PM10-24g;20.04
2023-05-30;MpKrakZloRog-PM10-24g;24.15
2023-05-31;MpKrakZloRog-PM10-24g;20.75
2023-06-01;MpKrakZloRog-PM10-24g;24.5
2023-06-02;MpKrakZloRog-PM10-24g;21.15
2023-06-03;MpKrakZloRog-PM10-24g;13.15
2023-06-04;MpKrakZloRog-PM10-24g;15.48
2023-06-05;MpKrakZloRog-PM10-24g;21.07
2023-06-06;MpKrakZloRog-PM10-24g;24.3
2023-06-07;MpKrakZloRog-PM10-24g;14.97
2023-06-08;MpKrakZloRog-PM10-24g;16.28
2023-06-09;MpKrakZloRog-PM10-24g;19.07
2023-06-10;MpKrakZloRog-PM10-24g;16.34
2023-06-11;MpKrakZloRog-PM10-24g;12.59
2023-06-12;MpKrakZloRog-PM10-24g;10.66
2023-06-13;MpKrakZloRog-PM10-24g;9.91
2023-06-14;MpKrakZloRog-PM10-24g;10.47
2023-06-15;MpKrakZloRog-PM10-24g;20.78
2023-06-16;MpKrakZloRog-PM10-24g;25.12
2023-06-17;MpKrakZloRog-PM10-24g;17.78
2023-06-18;MpKrakZloRog-PM10-24g;12.73
2023-06-19;MpKrakZloRog-PM10-24g;16.1
2023-06-20;MpKrakZloRog-PM10-24g;22.42
2023-06-21;MpKrakZloRog-PM10-24g;25.08
2023-06-23;MpKrakZloRog-PM10-24g;22.39
2023-06-24;MpKrakZloRog-PM10-24g;16.59
2023-06-25;MpKrakZloRog-PM10-24g;18.62
2023-06-26;MpKrakZloRog-PM10-24g;18.69
2023-06-27;MpKrakZloRog-PM10-24g;14.9
2023-06-28;MpKrakZloRog-PM10-24g;11.84
2023-06-29;MpKrakZloRog-PM10-24g;18.18
2023-06-30;MpKrakZloRog-PM10-24g;16.87
2023-07-01;MpKrakZloRog-PM10-24g;17.78
2023-07-02;MpKrakZloRog-PM10-24g;16.25
2023-07-04;MpKrakZloRog-PM10-24g;19.02
2023-07-05;MpKrakZloRog-PM10-24g;22.91
2023-07-06;MpKrakZloRog-PM10-24g;20.93
2023-07-07;MpKrakZloRog-PM10-24g;20.97
2023-07-08;MpKrakZloRog-PM10-24g;21.04
2023-07-09;MpKrakZloRog-PM10-24g;21.84
2023-07-10;MpKrakZloRog-PM10-24g;23.81
2023-07-11;MpKrakZloRog-PM10-24g;21.77
2023-07-12;MpKrakZloRog-PM10-24g;28.34
2023-07-13;MpKrakZloRog-PM10-24g;17.41
2023-07-14;MpKrakZloRog-PM10-24g;21.53
2023-07-15;MpKrakZloRog-PM10-24g;19.74
2023-07-16;MpKrakZloRog-PM10-24g;26.87
2023-07-17;MpKrakZloRog-PM10-24g;20.82
2023-07-18;MpKrakZloRog-PM10-24g;18.83
2023-07-19;MpKrakZloRog-PM10-24g;23.95
2023-07-20;MpKrakZloRog-PM10-24g;19.31
2023-07-21;MpKrakZloRog-PM10-24g;21.91
2023-07-22;MpKrakZloRog-PM10-24g;19.89
2023-07-23;MpKrakZloRog-PM10-24g;17.6
2023-07-24;MpKrakZloRog-PM10-24g;20.27
2023-07-25;MpKrakZloRog-PM10-24g;18.51
2023-07-26;MpKrakZloRog-PM10-24g;17.38
2023-07-27;MpKrakZloRog-PM10-24g;18.27
2023-07-28;MpKrakZloRog-PM10-24g;13.5
2023-07-29;MpKrakZloRog-PM10-24g;15.06
2023-07-30;MpKrakZloRog-PM10-24g;13.26
2023-07-31;MpKrakZloRog-PM10-24g;18.03
2023-08-01;MpKrakZloRog-PM10-24g;17.32
2023-08-02;MpKrakZloRog-PM10-24g;14.63
2023-08-03;MpKrakZloRog-PM10-24g;18.8
2023-08-04;MpKrakZloRog-PM10-24g;22.99
2023-08-05;MpKrakZloRog-PM10-24g;14.52
2023-08-06;MpKrakZloRog-PM10-24g;12.68
2023-08-07;MpKrakZloRog-PM10-24g;10.0
2023-08-08;MpKrakZloRog-PM10-24g;11.29
2023-08-09;MpKrakZloRog-PM10-24g;11.18
2023-08-10;MpKrakZloRog-PM10-24g;16.87
2023-08-11;MpKrakZloRog-PM10-24g;35.72
2023-08-12;MpKrakZloRog-PM10-24g;26.25
2023-08-13;MpKrakZloRog-PM10-24g;23.35
2023-08-14;MpKrakZloRog-PM10-24g;24.1
2023-08-15;MpKrakZloRog-PM10-24g;24.15
2023-08-16;MpKrakZloRog-PM10-24g;32.04
2023-08-17;MpKrakZloRog-PM10-24g;25.9
2023-08-18;MpKrakZloRog-PM10-24g;27.12
2023-08-19;MpKrakZloRog-PM10-24g;22.28
2023-08-20;MpKrakZloRog-PM10-24g;24.72
2023-08-21;MpKrakZloRog-PM10-24g;35.96
2023-08-22;MpKrakZloRog-PM10-24g;25.45
2023-08-23;MpKrakZloRog-PM10-24g;29.45
2023-08-24;MpKrakZloRog-PM10-24g;27.36
2023-08-25;MpKrakZloRog-PM10-24g;34.52
2023-08-26;MpKrakZloRog-PM10-24g;23.15
2023-08-27;MpKrakZloRog-PM10-24g;18.54
2023-08-28;MpKrakZloRog-PM10-24g;16.99
2023-08-29;MpKrakZloRog-PM10-24g;22.75
2023-08-30;MpKrakZloRog-PM10-24g;17.4
2023-08-31;MpKrakZloRog-PM10-24g;17.01
2023-09-01;MpKrakZloRog-PM10-24g;20.73
2023-09-02;MpKrakZloRog-PM10-24g;15.21
2023-09-03;MpKrakZloRog-PM10-24g;16.92
2023-09-04;MpKrakZloRog-PM10-24g;18.78
2023-09-05;MpKrakZloRog-PM10-24g;21.4
2023-09-06;MpKrakZloRog-PM10-24g;25.41
2023-09-07;MpKrakZloRog-PM10-24g;28.71
2023-09-08;MpKrakZloRog-PM10-24g;32.77
2023-09-09;MpKrakZloRog-PM10-24g;30.16
2023-09-10;MpKrakZloRog-PM10-24g;27.67
2023-09-11;MpKrakZloRog-PM10-24g;32.08
2023-09-12;MpKrakZloRog-PM10-24g;37.76
2023-09-13;MpKrakZloRog-PM10-24g;40.38
2023-09-14;MpKrakZloRog-PM10-24g;14.37
2023-09-15;MpKrakZloRog-PM10-24g;16.81
2023-09-16;MpKrakZloRog-PM10-24g;15.76
2023-09-17;MpKrakZloRog-PM10-24g;17.78
2023-09-18;MpKrakZloRog-PM10-24g;22.99
2023-09-19;MpKrakZloRog-PM10-24g;17.34
2023-09-20;MpKrakZloRog-PM10-24g;17.16
2023-09-21;MpKrakZloRog-PM10-24g;21.62
2023-09-22;MpKrakZloRog-PM10-24g;22.3
2023-09-23;MpKrakZloRog-PM10-24g;12.5
2023-09-24;MpKrakZloRog-PM10-24g;10.33
2023-09-25;MpKrakZloRog-PM10-24g;18.71
2023-09-26;MpKrakZloRog-PM10-24g;28.0
2023-09-27;MpKrakZloRog-PM10-24g;32.35
2023-09-28;MpKrakZloRog-PM10-24g;35.76
2023-09-29;MpKrakZloRog-PM10-24g;39.11
2023-09-30;MpKrakZloRog-PM10-24g;25.17
2023-10-01;MpKrakZloRog-PM10-24g;19.58
2023-10-02;MpKrakZloRog-PM10-24g;20.69
2023-10-03;MpKrakZloRog-PM10-24g;22.19
2023-10-04;MpKrakZloRog-PM10-24g;13.64
2023-10-05;MpKrakZloRog-PM10-24g;19.89
2023-10-06;MpKrakZloRog-PM10-24g;17.54
2023-10-07;MpKrakZloRog-PM10-24g;14.44
2023-10-08;MpKrakZloRog-PM10-24g;7.54
2023-10-09;MpKrakZloRog-PM10-24g;14.88
2023-10-10;MpKrakZloRog-PM10-24g;22.64
2023-10-11;MpKrakZloRog-PM10-24g;30.05
2023-10-12;MpKrakZloRog-PM10-24g;26.21
2023-10-13;MpKrakZloRog-PM10-24g;25.26
2023-10-14;MpKrakZloRog-PM10-24g;21.09
2023-10-15;MpKrakZloRog-PM10-24g;12.57
2023-10-16;MpKrakZloRog-PM10-24g;17.98
2023-10-17;MpKrakZloRog-PM10-24g;30.24
2023-10-18;MpKrakZloRog-PM10-24g;35.03
2023-10-19;MpKrakZloRog-PM10-24g;40.22
2023-10-20;MpKrakZloRog-PM10-24g;34.66
2023-10-21;MpKrakZloRog-PM10-24g;38.85
2023-10-22;MpKrakZloRog-PM10-24g;14.26
2023-10-23;MpKrakZloRog-PM10-24g;27.94
2023-10-24;MpKrakZloRog-PM10-24g;30.75
2023-10-25;MpKrakZloRog-PM10-24g;25.06
2023-10-26;MpKrakZloRog-PM10-24g;28.21
2023-10-27;MpKrakZloRog-PM10-24g;21.75
2023-10-28;MpKrakZloRog-PM10-24g;14.03
2023-10-29;MpKrakZloRog-PM10-24g;20.38
2023-10-30;MpKrakZloRog-PM10-24g;39.22
2023-10-31;MpKrakZloRog-PM10-24g;16.81
2023-11-01;MpKrakZloRog-PM10-24g;15.39
2023-11-02;MpKrakZloRog-PM10-24g;20.15
2023-11-03;MpKrakZloRog-PM10-24g;14.21
2023-11-04;MpKrakZloRog-PM10-24g;16.34
2023-11-05;MpKrakZloRog-PM10-24g;19.27
2023-11-06;MpKrakZloRog-PM10-24g;12.51
2023-11-07;MpKrakZloRog-PM10-24g;32.62
2023-11-08;MpKrakZloRog-PM10-24g;29.53
2023-11-09;MpKrakZloRog-PM10-24g;23.97
2023-11-10;MpKrakZloRog-PM10-24g;36.83
2023-11-11;MpKrakZloRog-PM10-24g;24.44
2023-11-12;MpKrakZloRog-PM10-24g;19.25
2023-11-13;MpKrakZloRog-PM10-24g;29.18
2023-11-14;MpKrakZloRog-PM10-24g;14.35
2023-11-15;MpKrakZloRog-PM10-24g;6.99
2023-11-16;MpKrakZloRog-PM10-24g;16.7
2023-11-17;MpKrakZloRog-PM10-24g;14.01
2023-11-18;MpKrakZloRog-PM10-24g;11.33
2023-11-19;MpKrakZloRog-PM10-24g;18.43
2023-11-20;MpKrakZloRog-PM10-24g;11.33
2023-11-21;MpKrakZloRog-PM10-24g;12.97
2023-11-22;MpKrakZloRog-PM10-24g;17.65
2023-11-23;MpKrakZloRog-PM10-24g;14.86
2023-11-24;MpKrakZloRog-PM10-24g;9.0
2023-11-25;MpKrakZloRog-PM10-24g;13.92
2023-11-26;MpKrakZloRog-PM10-24g;13.24
2023-11-27;MpKrakZloRog-PM10-24g;29.56
2023-11-28;MpKrakZloRog-PM10-24g;29.89
2023-11-29;MpKrakZloRog-PM10-24g;43.72
2023-11-30;MpKrakZloRog-PM10-24g;50.93
2023-12-01;MpKrakZloRog-PM10-24g;66.63
2023-12-02;MpKrakZloRog-PM10-24g;24.75
2023-12-03;MpKrakZloRog-PM10-24g;24.03
2023-12-04;MpKrakZloRog-PM10-24g;34.99
2023-12-05;MpKrakZloRog-PM10-24g;53.26
2023-12-06;MpKrakZloRog-PM10-24g;78.54
2023-12-07;MpKrakZloRog-PM10-24g;91.42
2023-12-08;MpKrakZloRog-PM10-24g;71.02
2023-12-09;MpKrakZloRog-PM10-24g;69.51
2023-12-10;MpKrakZloRog-PM10-24g;48.09
2023-12-11;MpKrakZloRog-PM10-24g;28.74
2023-12-12;MpKrakZloRog-PM10-24g;23.48
2023-12-13;MpKrakZloRog-PM10-24g;32.13
2023-12-14;MpKrakZloRog-PM10-24g;32.9
2023-12-15;MpKrakZloRog-PM10-24g;32.19
2023-12-16;MpKrakZloRog-PM10-24g;28.6
2023-12-17;MpKrakZloRog-PM10-24g;22.75
2023-12-18;MpKrakZloRog-PM10-24g;18.32
2023-12-19;MpKrakZloRog-PM10-24g;26.17
2023-12-20;MpKrakZloRog-PM10-24g;15.12
2023-12-21;MpKrakZloRog-PM10-24g;7.05
2023-12-22;MpKrakZloRog-PM10-24g;10.44
2023-12-23;MpKrakZloRog-PM10-24g;10.11
2023-12-24;MpKrakZloRog-PM10-24g;8.54
2023-12-25;MpKrakZloRog-PM10-24g;6.39
2023-12-26;MpKrakZloRog-PM10-24g;7.74
2023-12-27;MpKrakZloRog-PM10-24g;22.75
2023-12-28;MpKrakZloRog-PM10-24g;41.58
2023-12-29;MpKrakZloRog-PM10-24g;20.02
2023-12-30;MpKrakZloRog-PM10-24g;12.88
2023-12-31;MpKrakZloRog-PM10-24g;27.16
2024-01-01;MpKrakZloRog-PM10-24g;42.7
2024-01-02;MpKrakZloRog-PM10-24g;15.2
2024-01-03;MpKrakZloRog-PM10-24g;9.6
2024-01-04;MpKrakZloRog-PM10-24g;6.6
2024-01-05;MpKrakZloRog-PM10-24g;20.5
2024-01-06;MpKrakZloRog-PM10-24g;29.7
2024-01-07;MpKrakZloRog-PM10-24g;16.7
2024-01-08;MpKrakZloRog-PM10-24g;35.0
2024-01-09;MpKrakZloRog-PM10-24g;54.0
2024-01-10;MpKrakZloRog-PM10-24g;133.1
2024-01-11;MpKrakZloRog-PM10-24g;71.1
2024-01-12;MpKrakZloRog-PM10-24g;25.2
2024-01-13;MpKrakZloRog-PM10-24g;19.7
2024-01-14;MpKrakZloRog-PM10-24g;15.8
2024-01-15;MpKrakZloRog-PM10-24g;12.7
2024-01-16;MpKrakZloRog-PM10-24g;19.4
2024-01-17;MpKrakZloRog-PM10-24g;41.0
2024-01-18;MpKrakZloRog-PM10-24g;25.2
2024-01-19;MpKrakZloRog-PM10-24g;28.7
2024-01-20;MpKrakZloRog-PM10-24g;18.1
2024-01-21;MpKrakZloRog-PM10-24g;37.2
2024-01-22;MpKrakZloRog-PM10-24g;40.3
2024-01-23;MpKrakZloRog-PM10-24g;19.4
2024-01-24;MpKrakZloRog-PM10-24g;12.1
2024-01-25;MpKrakZloRog-PM10-24g;14.7
2024-01-26;MpKrakZloRog-PM10-24g;19.7
2024-01-27;MpKrakZloRog-PM10-24g;12.9
2024-01-28;MpKrakZloRog-PM10-24g;29.2
2024-01-29;MpKrakZloRog-PM10-24g;35.7
2024-01-30;MpKrakZloRog-PM10-24g;66.8
2024-01-31;MpKrakZloRog-PM10-24g;58.3
2024-02-01;MpKrakZloRog-PM10-24g;42.3
2024-02-02;MpKrakZloRog-PM10-24g;24.8
2024-02-03;MpKrakZloRog-PM10-24g;13.2
2024-02-04;MpKrakZloRog-PM10-24g;10.5
2024-02-05;MpKrakZloRog-PM10-24g;9.3
2024-02-06;MpKrakZloRog-PM10-24g;16.5
2024-02-07;MpKrakZloRog-PM10-24g;11.0
2024-02-08;MpKrakZloRog-PM10-24g;17.9
2024-02-09;MpKrakZloRog-PM10-24g;34.0
2024-02-10;MpKrakZloRog-PM10-24g;38.9
2024-02-11;MpKrakZloRog-PM10-24g;27.8
2024-02-12;MpKrakZloRog-PM10-24g;17.3
2024-02-13;MpKrakZloRog-PM10-24g;26.2
2024-02-14;MpKrakZloRog-PM10-24g;38.2
2024-02-15;MpKrakZloRog-PM10-24g;46.8
2024-02-16;MpKrakZloRog-PM10-24g;52.6
2024-02-18;MpKrakZloRog-PM10-24g;14.8
2024-02-19;MpKrakZloRog-PM10-24g;29.7
2024-02-20;MpKrakZloRog-PM10-24g;12.8
2024-02-21;MpKrakZloRog-PM10-24g;21.2
2024-02-22;MpKrakZloRog-PM10-24g;25.5
2024-02-23;MpKrakZloRog-PM10-24g;17.8
2024-02-24;MpKrakZloRog-PM10-24g;20.4
2024-02-25;MpKrakZloRog-PM10-24g;28.6
2024-02-26;MpKrakZloRog-PM10-24g;38.1
2024-02-27;MpKrakZloRog-PM10-24g;59.2
2024-02-28;MpKrakZloRog-PM10-24g;68.6
2024-02-29;MpKrakZloRog-PM10-24g;47.3
2024-03-01;MpKrakZloRog-PM10-24g;62.9
2024-03-02;MpKrakZloRog-PM10-24g;49.8
2024-03-03;MpKrakZloRog-PM10-24g;35.3
2024-03-04;MpKrakZloRog-PM10-24g;53.5
2024-03-05;MpKrakZloRog-PM10-24g;28.4
2024-03-06;MpKrakZloRog-PM10-24g;27.7
2024-03-07;MpKrakZloRog-PM10-24g;32.8
2024-03-08;MpKrakZloRog-PM10-24g;41.8
2024-03-09;MpKrakZloRog-PM10-24g;44.6
2024-03-10;MpKrakZloRog-PM10-24g;24.0
2024-03-11;MpKrakZloRog-PM10-24g;25.4
2024-03-12;MpKrakZloRog-PM10-24g;27.5
2024-03-13;MpKrakZloRog-PM10-24g;21.9
2024-03-14;MpKrakZloRog-PM10-24g;40.7
2024-03-15;MpKrakZloRog-PM10-24g;42.6
2024-03-16;MpKrakZloRog-PM10-24g;31.3
2024-03-17;MpKrakZloRog-PM10-24g;11.7
2024-03-18;MpKrakZloRog-PM10-24g;12.1
2024-03-19;MpKrakZloRog-PM10-24g;22.3
2024-03-20;MpKrakZloRog-PM10-24g;39.8
2024-03-21;MpKrakZloRog-PM10-24g;67.0
2024-03-22;MpKrakZloRog-PM10-24g;46.7
2024-03-23;MpKrakZloRog-PM10-24g;34.0
2024-03-24;MpKrakZloRog-PM10-24g;13.2
2024-03-25;MpKrakZloRog-PM10-24g;17.8
2024-03-26;MpKrakZloRog-PM10-24g;23.4
2024-03-27;MpKrakZloRog-PM10-24g;21.6
2024-03-28;MpKrakZloRog-PM10-24g;31.5
2024-03-29;MpKrakZloRog-PM10-24g;10.6
2024-03-30;MpKrakZloRog-PM10-24g;74.4
2024-03-31;MpKrakZloRog-PM10-24g;89.2
2024-04-01;MpKrakZloRog-PM10-24g;114.6
2024-04-02;MpKrakZloRog-PM10-24g;10.9
2024-04-03;MpKrakZloRog-PM10-24g;9.7
2024-04-04;MpKrakZloRog-PM10-24g;14.6
2024-04-05;MpKrakZloRog-PM10-24g;16.4
2024-04-06;MpKrakZloRog-PM10-24g;24.1
2024-04-07;MpKrakZloRog-PM10-24g;24.9
2024-04-08;MpKrakZloRog-PM10-24g;26.9
2024-04-09;MpKrakZloRog-PM10-24g;34.2
2024-04-10;MpKrakZloRog-PM10-24g;27.6
2024-04-11;MpKrakZloRog-PM10-24g;26.0
2024-04-12;MpKrakZloRog-PM10-24g;33.9
2024-04-13;MpKrakZloRog-PM10-24g;26.8
2024-04-14;MpKrakZloRog-PM10-24g;28.2
2024-04-15;MpKrakZloRog-PM10-24g;23.5
2024-04-16;MpKrakZloRog-PM10-24g;17.1
2024-04-17;MpKrakZloRog-PM10-24g;18.8
2024-04-18;MpKrakZloRog-PM10-24g;18.7
2024-04-19;MpKrakZloRog-PM10-24g;14.9
2024-04-20;MpKrakZloRog-PM10-24g;6.2
2024-04-21;MpKrakZloRog-PM10-24g;10.6
2024-04-22;MpKrakZloRog-PM10-24g;13.9
2024-04-23;MpKrakZloRog-PM10-24g;20.4
2024-04-24;MpKrakZloRog-PM10-24g;24.7
2024-04-25;MpKrakZloRog-PM10-24g;19.0
2024-04-26;MpKrakZloRog-PM10-24g;20.2
2024-04-27;MpKrakZloRog-PM10-24g;20.9
2024-04-28;MpKrakZloRog-PM10-24g;18.2
2024-04-29;MpKrakZloRog-PM10-24g;22.1
2024-04-30;MpKrakZloRog-PM10-24g;22.1
2024-05-01;MpKrakZloRog-PM10-24g;17.9
2024-05-02;MpKrakZloRog-PM10-24g;16.5
2024-05-03;MpKrakZloRog-PM10-24g;17.0
2024-05-04;MpKrakZloRog-PM10-24g;22.9
2024-05-05;MpKrakZloRog-PM10-24g;19.2
2024-05-06;MpKrakZloRog-PM10-24g;11.3
2024-05-07;MpKrakZloRog-PM10-24g;12.7
2024-05-08;MpKrakZloRog-PM10-24g;11.3
2024-05-09;MpKrakZloRog-PM10-24g;16.3
2024-05-10;MpKrakZloRog-PM10-24g;23.6
2024-05-11;MpKrakZloRog-PM10-24g;12.9
2024-05-12;MpKrakZloRog-PM10-24g;10.7
2024-05-13;MpKrakZloRog-PM10-24g;13.7
2024-05-14;MpKrakZloRog-PM10-24g;15.4
2024-05-15;MpKrakZloRog-PM10-24g;22.1
2024-05-16;MpKrakZloRog-PM10-24g;19.6
2024-05-17;MpKrakZloRog-PM10-24g;20.4
2024-05-18;MpKrakZloRog-PM10-24g;14.5
2024-05-19;MpKrakZloRog-PM10-24g;12.8
2024-05-20;MpKrakZloRog-PM10-24g;17.6
2024-05-21;MpKrakZloRog-PM10-24g;18.3
2024-05-22;MpKrakZloRog-PM10-24g;19.2
2024-05-23;MpKrakZloRog-PM10-24g;15.7
2024-05-24;MpKrakZloRog-PM10-24g;19.9
2024-05-25;MpKrakZloRog-PM10-24g;15.4
2024-05-26;MpKrakZloRog-PM10-24g;14.9
2024-05-27;MpKrakZloRog-PM10-24g;19.3
2024-05-28;MpKrakZloRog-PM10-24g;22.1
2024-05-29;MpKrakZloRog-PM10-24g;21.5
2024-05-30;MpKrakZloRog-PM10-24g;20.2
2024-05-31;MpKrakZloRog-PM10-24g;18.1
2024-06-01;MpKrakZloRog-PM10-24g;14.1
2024-06-02;MpKrakZloRog-PM10-24g;10.6
2024-06-03;MpKrakZloRog-PM10-24g;18.4
2024-06-04;MpKrakZloRog-PM10-24g;13.2
2024-06-05;MpKrakZloRog-PM10-24g;19.2
2024-06-06;MpKrakZloRog-PM10-24g;20.1
2024-06-07;MpKrakZloRog-PM10-24g;14.3
2024-06-08;MpKrakZloRog-PM10-24g;16.8
2024-06-09;MpKrakZloRog-PM10-24g;17.3
2024-06-10;MpKrakZloRog-PM10-24g;21.8
2024-06-11;MpKrakZloRog-PM10-24g;21.0
2024-06-12;MpKrakZloRog-PM10-24g;14.8
2024-06-13;MpKrakZloRog-PM10-24g;15.0
2024-06-14;MpKrakZloRog-PM10-24g;19.6
2024-06-15;MpKrakZloRog-PM10-24g;15.3
2024-06-16;MpKrakZloRog-PM10-24g;19.2
2024-06-17;MpKrakZloRog-PM10-24g;14.7
2024-06-18;MpKrakZloRog-PM10-24g;20.3
2024-06-19;MpKrakZloRog-PM10-24g;22.9
2024-06-20;MpKrakZloRog-PM10-24g;13.2
2024-06-21;MpKrakZloRog-PM10-24g;25.7
2024-06-22;MpKrakZloRog-PM10-24g;18.0
2024-06-23;MpKrakZloRog-PM10-24g;14.9
2024-06-24;MpKrakZloRog-PM10-24g;14.1
2024-06-25;MpKrakZloRog-PM10-24g;14.7
2024-06-26;MpKrakZloRog-PM10-24g;22.0
2024-06-27;MpKrakZloRog-PM10-24g;24.7
2024-06-28;MpKrakZloRog-PM10-24g;23.8
2024-06-29;MpKrakZloRog-PM10-24g;25.5
2024-06-30;MpKrakZloRog-PM10-24g;23.0
2024-07-01;MpKrakZloRog-PM10-24g;17.2
2024-07-02;MpKrakZloRog-PM10-24g;14.3
2024-07-03;MpKrakZloRog-PM10-24g;16.3
2024-07-04;MpKrakZloRog-PM10-24g;13.4
2024-07-05;MpKrakZloRog-PM10-24g;15.0
2024-07-06;MpKrakZloRog-PM10-24g;15.9
2024-07-07;MpKrakZloRog-PM10-24g;12.7
2024-07-08;MpKrakZloRog-PM10-24g;17.6
2024-07-09;MpKrakZloRog-PM10-24g;24.1
2024-07-10;MpKrakZloRog-PM10-24g;30.8
2024-07-11;MpKrakZloRog-PM10-24g;24.0
2024-07-12;MpKrakZloRog-PM10-24g;26.8
2024-07-13;MpKrakZloRog-PM10-24g;13.9
2024-07-14;MpKrakZloRog-PM10-24g;12.8
2024-07-17;MpKrakZloRog-PM10-24g;20.9
2024-07-18;MpKrakZloRog-PM10-24g;14.7
2024-07-19;MpKrakZloRog-PM10-24g;17.8
2024-07-20;MpKrakZloRog-PM10-24g;18.4
2024-07-21;MpKrakZloRog-PM10-24g;19.9
2024-07-22;MpKrakZloRog-PM10-24g;21.5
2024-07-23;MpKrakZloRog-PM10-24g;14.4
2024-07-24;MpKrakZloRog-PM10-24g;14.8
2024-07-25;MpKrakZloRog-PM10-24g;11.9
2024-07-26;MpKrakZloRog-PM10-24g;17.9
2024-07-27;MpKrakZloRog-PM10-24g;19.1
2024-07-28;MpKrakZloRog-PM10-24g;14.0
2024-07-29;MpKrakZloRog-PM10-24g;12.3
2024-07-30;MpKrakZloRog-PM10-24g;15.4
2024-07-31;MpKrakZloRog-PM10-24g;23.1
2024-08-01;MpKrakZloRog-PM10-24g;23.3
2024-08-02;MpKrakZloRog-PM10-24g;21.9
2024-08-03;MpKrakZloRog-PM10-24g;10.6
2024-08-04;MpKrakZloRog-PM10-24g;12.9
2024-08-05;MpKrakZloRog-PM10-24g;11.9
2024-08-06;MpKrakZloRog-PM10-24g;12.4
2024-08-07;MpKrakZloRog-PM10-24g;18.1
2024-08-08;MpKrakZloRog-PM10-24g;18.7
2024-08-09;MpKrakZloRog-PM10-24g;16.7
2024-08-10;MpKrakZloRog-PM10-24g;18.7
2024-08-11;MpKrakZloRog-PM10-24g;17.1
2024-08-12;MpKrakZloRog-PM10-24g;16.9
2024-08-13;MpKrakZloRog-PM10-24g;19.9
2024-08-14;MpKrakZloRog-PM10-24g;19.7
2024-08-15;MpKrakZloRog-PM10-24g;20.9
2024-08-16;MpKrakZloRog-PM10-24g;26.1
2024-08-17;MpKrakZloRog-PM10-24g;19.6
2024-08-18;MpKrakZloRog-PM10-24g;15.9
2024-08-19;MpKrakZloRog-PM10-24g;13.5
2024-08-20;MpKrakZloRog-PM10-24g;13.9
2024-08-21;MpKrakZloRog-PM10-24g;18.0
2024-08-22;MpKrakZloRog-PM10-24g;17.3
2024-08-23;MpKrakZloRog-PM10-24g;18.9
2024-08-24;MpKrakZloRog-PM10-24g;23.8
2024-08-25;MpKrakZloRog-PM10-24g;19.0
2024-08-26;MpKrakZloRog-PM10-24g;11.7
2024-08-27;MpKrakZloRog-PM10-24g;19.3
2024-08-28;MpKrakZloRog-PM10-24g;26.6
2024-08-29;MpKrakZloRog-PM10-24g;31.5
2024-08-30;MpKrakZloRog-PM10-24g;35.8
2024-08-31;MpKrakZloRog-PM10-24g;30.5
2024-09-01;MpKrakZloRog-PM10-24g;16.8
2024-09-02;MpKrakZloRog-PM10-24g;26.4
2024-09-03;MpKrakZloRog-PM10-24g;34.8
2024-09-04;MpKrakZloRog-PM10-24g;41.4
2024-09-05;MpKrakZloRog-PM10-24g;36.6
2024-09-06;MpKrakZloRog-PM10-24g;37.2
2024-09-07;MpKrakZloRog-PM10-24g;26.1
2024-09-08;MpKrakZloRog-PM10-24g;25.6
2024-09-09;MpKrakZloRog-PM10-24g;24.7
2024-09-10;MpKrakZloRog-PM10-24g;13.6
2024-09-11;MpKrakZloRog-PM10-24g;16.2
2024-09-12;MpKrakZloRog-PM10-24g;21.2
2024-09-13;MpKrakZloRog-PM10-24g;15.3
2024-09-14;MpKrakZloRog-PM10-24g;11.3
2024-09-15;MpKrakZloRog-PM10-24g;8.8
2024-09-16;MpKrakZloRog-PM10-24g;27.8
2024-09-17;MpKrakZloRog-PM10-24g;41.6
2024-09-18;MpKrakZloRog-PM10-24g;35.7
2024-09-19;MpKrakZloRog-PM10-24g;29.8
2024-09-20;MpKrakZloRog-PM10-24g;31.0
2024-09-21;MpKrakZloRog-PM10-24g;33.3
2024-09-22;MpKrakZloRog-PM10-24g;36.7
2024-09-23;MpKrakZloRog-PM10-24g;29.8
2024-09-24;MpKrakZloRog-PM10-24g;29.7
2024-09-25;MpKrakZloRog-PM10-24g;36.6
2024-09-26;MpKrakZloRog-PM10-24g;19.1
2024-09-27;MpKrakZloRog-PM10-24g;11.5
2024-09-28;MpKrakZloRog-PM10-24g;10.4
2024-09-29;MpKrakZloRog-PM10-24g;11.4
2024-09-30;MpKrakZloRog-PM10-24g;16.2
2024-10-01;MpKrakZloRog-PM10-24g;19.9
2024-10-02;MpKrakZloRog-PM10-24g;22.8
2024-10-03;MpKrakZloRog-PM10-24g;19.9
2024-10-04;MpKrakZloRog-PM10-24g;20.3
2024-10-05;MpKrakZloRog-PM10-24g;8.1
2024-10-06;MpKrakZloRog-PM10-24g;13.4
2024-10-07;MpKrakZloRog-PM10-24g;25.8
2024-10-08;MpKrakZloRog-PM10-24g;24.3
2024-10-09;MpKrakZloRog-PM10-24g;30.1
2024-10-10;MpKrakZloRog-PM10-24g;17.4
2024-10-11;MpKrakZloRog-PM10-24g;13.2
2024-10-12;MpKrakZloRog-PM10-24g;19.0
2024-10-13;MpKrakZloRog-PM10-24g;16.1
2024-10-14;MpKrakZloRog-PM10-24g;17.1
2024-10-15;MpKrakZloRog-PM10-24g;30.5
2024-10-16;MpKrakZloRog-PM10-24g;27.2
2024-10-17;MpKrakZloRog-PM10-24g;16.2
2024-10-18;MpKrakZloRog-PM10-24g;20.0
2024-10-19;MpKrakZloRog-PM10-24g;20.4
2024-10-20;MpKrakZloRog-PM10-24g;29.4
2024-10-21;MpKrakZloRog-PM10-24g;39.5
2024-10-22;MpKrakZloRog-PM10-24g;40.7
2024-10-23;MpKrakZloRog-PM10-24g;25.3
2024-10-24;MpKrakZloRog-PM10-24g;32.8
2024-10-25;MpKrakZloRog-PM10-24g;42.6
2024-10-26;MpKrakZloRog-PM10-24g;41.6
2024-10-27;MpKrakZloRog-PM10-24g;41.7
2024-10-28;MpKrakZloRog-PM10-24g;32.1
2024-10-29;MpKrakZloRog-PM10-24g;31.5
2024-10-30;MpKrakZloRog-PM10-24g;34.7
2024-10-31;MpKrakZloRog-PM10-24g;20.4
2024-11-01;MpKrakZloRog-PM10-24g;16.4
2024-11-02;MpKrakZloRog-PM10-24g;18.1
2024-11-03;MpKrakZloRog-PM10-24g;30.2
2024-11-04;MpKrakZloRog-PM10-24g;25.9
2024-11-05;MpKrakZloRog-PM10-24g;31.7
2024-11-06;MpKrakZloRog-PM10-24g;39.0
2024-11-07;MpKrakZloRog-PM10-24g;73.3
2024-11-08;MpKrakZloRog-PM10-24g;38.1
2024-11-09;MpKrakZloRog-PM10-24g;29.8
2024-11-10;MpKrakZloRog-PM10-24g;30.0
2024-11-11;MpKrakZloRog-PM10-24g;44.5
2024-11-12;MpKrakZloRog-PM10-24g;32.3
2024-11-13;MpKrakZloRog-PM10-24g;24.2
2024-11-14;MpKrakZloRog-PM10-24g;18.6
2024-11-15;MpKrakZloRog-PM10-24g;22.7
2024-11-16;MpKrakZloRog-PM10-24g;38.6
2024-11-17;MpKrakZloRog-PM10-24g;35.4
2024-11-18;MpKrakZloRog-PM10-24g;11.7
2024-11-19;MpKrakZloRog-PM10-24g;19.5
2024-11-20;MpKrakZloRog-PM10-24g;13.7
2024-11-21;MpKrakZloRog-PM10-24g;12.5
2024-11-22;MpKrakZloRog-PM10-24g;24.3
2024-11-23;MpKrakZloRog-PM10-24g;17.4
2024-11-24;MpKrakZloRog-PM10-24g;29.0
2024-11-25;MpKrakZloRog-PM10-24g;37.6
2024-11-26;MpKrakZloRog-PM10-24g;38.5
2024-11-27;MpKrakZloRog-PM10-24g;29.2
2024-11-28;MpKrakZloRog-PM10-24g;24.6
2024-11-29;MpKrakZloRog-PM10-24g;9.9
2024-11-30;MpKrakZloRog-PM10-24g;22.6
2024-12-01;MpKrakZloRog-PM10-24g;25.6
2024-12-02;MpKrakZloRog-PM10-24g;35.3
2024-12-03;MpKrakZloRog-PM10-24g;48.0
2024-12-04;MpKrakZloRog-PM10-24g;44.3
2024-12-05;MpKrakZloRog-PM10-24g;56.0
2024-12-06;MpKrakZloRog-PM10-24g;29.9
2024-12-07;MpKrakZloRog-PM10-24g;19.2
2024-12-08;MpKrakZloRog-PM10-24g;25.5
2024-12-09;MpKrakZloRog-PM10-24g;13.6
2024-12-10;MpKrakZloRog-PM10-24g;7.6
2024-12-11;MpKrakZloRog-PM10-24g;20.1
2024-12-12;MpKrakZloRog-PM10-24g;25.3
2024-12-13;MpKrakZloRog-PM10-24g;30.0
2024-12-14;MpKrakZloRog-PM10-24g;31.8
2024-12-15;MpKrakZloRog-PM10-24g;13.2
2024-12-16;MpKrakZloRog-PM10-24g;5.6
2024-12-17;MpKrakZloRog-PM10-24g;9.5
2024-12-18;MpKrakZloRog-PM10-24g;24.9
2024-12-19;MpKrakZloRog-PM10-24g;47.5
2024-12-20;MpKrakZloRog-PM10-24g;15.5
2024-12-21;MpKrakZloRog-PM10-24g;23.4
2024-12-22;MpKrakZloRog-PM10-24g;14.1
2024-12-23;MpKrakZloRog-PM10-24g;18.8
2024-12-24;MpKrakZloRog-PM10-24g;16.0
2024-12-25;MpKrakZloRog-PM10-24g;12.2
2024-12-26;MpKrakZloRog-PM10-24g;35.9
2024-12-27;MpKrakZloRog-PM10-24g;51.2
2024-12-28;MpKrakZloRog-PM10-24g;48.3
2024-12-29;MpKrakZloRog-PM10-24g;57.0
2024-12-30;MpKrakZloRog-PM10-24g;55.1
2024-12-31;MpKrakZloRog-PM10-24g;48.2
